Model,Type,Accuracy,Precision,Recall,F1-Score,AUC-ROC
Stacking (LR),Stacking,0.8218390804597702,0.8227848101265823,0.7926829268292683,0.8074534161490683,0.8973356309650053
Voting (Soft),Voting,0.8218390804597702,0.8269230769230769,0.7865853658536586,0.80625,0.8963414634146342
Stacking (GB),Stacking,0.8132183908045977,0.8113207547169812,0.7865853658536586,0.7987616099071208,0.8878081919406151
Stacking (RF),Stacking,0.8132183908045977,0.8113207547169812,0.7865853658536586,0.7987616099071208,0.8800702545068929
Voting (Hard),Voting,0.8247126436781609,0.8280254777070064,0.7926829268292683,0.8099688473520249,
