Dataset,R2_Score,MSE,RMSE,MAE
Training,0.7959909526978199,18.56448610705582,4.308652469978964,3.3346148283132044
Test,0.76672115876392,21.49880892165092,4.636680808687495,3.5887539273855373
