model,normalization,accuracy,precision,recall,f1_score,roc_auc,training_time_s
VotingClassifier,None,0.9285714285714286,0.936,0.9285714285714286,0.9322709163346613,0.9744897959183673,1.289914608001709
StackingClassifier,None,0.9327731092436975,0.9365079365079365,0.9365079365079365,0.9365079365079365,0.9783163265306123,6.924698829650879
VotingClassifier,StandardScaler,0.9369747899159664,0.937007874015748,0.9444444444444444,0.9407114624505929,0.9745606575963719,1.302154541015625
StackingClassifier,StandardScaler,0.9327731092436975,0.9365079365079365,0.9365079365079365,0.9365079365079365,0.9783871882086168,6.810152530670166
